<?xml version="1.0" encoding="UTF-8"?>
<metadata xml:lang="en"><Esri><CreaDate>20120119</CreaDate><CreaTime>22022000</CreaTime><SyncOnce>FALSE</SyncOnce><SyncDate>20120119</SyncDate><SyncTime>22032800</SyncTime><ModDate>20120119</ModDate><ModTime>22032800</ModTime><ArcGISProfile>INSPIRE</ArcGISProfile><DataProperties><itemProps><itemName Sync="TRUE">subwayStations</itemName><imsContentType Sync="TRUE">002</imsContentType><nativeExtBox><westBL Sync="TRUE">-562118.700000</westBL><eastBL Sync="TRUE">-539517.297500</eastBL><southBL Sync="TRUE">145912.790400</southBL><northBL Sync="TRUE">161239.919000</northBL><exTypeCode Sync="TRUE">1</exTypeCode></nativeExtBox><itemLocation><linkage Sync="TRUE">file://\\KEVIN-PC\Users\Kevin Farrugia\Documents\GIS\TTC Map\export\subwayStations.shp</linkage><protocol Sync="TRUE">Local Area Network</protocol></itemLocation><itemSize Sync="TRUE">0.000</itemSize></itemProps><coordRef><type Sync="TRUE">Projected</type><geogcsn Sync="TRUE">GCS_North_American_1983</geogcsn><projcsn Sync="TRUE">NAD_1983_UTM_Zone_17N</projcsn><peXml Sync="TRUE">&lt;ProjectedCoordinateSystem xsi:type='typens:ProjectedCoordinateSystem' xmlns:xsi='http://www.w3.org/2001/XMLSchema-instance' xmlns:xs='http://www.w3.org/2001/XMLSchema' xmlns:typens='http://www.esri.com/schemas/ArcGIS/10.0'&gt;&lt;WKT&gt;PROJCS[&amp;quot;NAD_1983_UTM_Zone_17N&amp;quot;,GEOGCS[&amp;quot;GCS_North_American_1983&amp;quot;,DATUM[&amp;quot;D_North_American_1983&amp;quot;,SPHEROID[&amp;quot;GRS_1980&amp;quot;,6378137.0,298.257222101]],PRIMEM[&amp;quot;Greenwich&amp;quot;,0.0],UNIT[&amp;quot;Degree&amp;quot;,0.0174532925199433]],PROJECTION[&amp;quot;Transverse_Mercator&amp;quot;],PARAMETER[&amp;quot;False_Easting&amp;quot;,500000.0],PARAMETER[&amp;quot;False_Northing&amp;quot;,0.0],PARAMETER[&amp;quot;Central_Meridian&amp;quot;,-81.0],PARAMETER[&amp;quot;Scale_Factor&amp;quot;,0.9996],PARAMETER[&amp;quot;Latitude_Of_Origin&amp;quot;,0.0],UNIT[&amp;quot;Meter&amp;quot;,1.0],AUTHORITY[&amp;quot;EPSG&amp;quot;,26917]]&lt;/WKT&gt;&lt;XOrigin&gt;-5120900&lt;/XOrigin&gt;&lt;YOrigin&gt;-9998100&lt;/YOrigin&gt;&lt;XYScale&gt;450445547.3910538&lt;/XYScale&gt;&lt;ZOrigin&gt;-100000&lt;/ZOrigin&gt;&lt;ZScale&gt;10000&lt;/ZScale&gt;&lt;MOrigin&gt;-100000&lt;/MOrigin&gt;&lt;MScale&gt;10000&lt;/MScale&gt;&lt;XYTolerance&gt;0.001&lt;/XYTolerance&gt;&lt;ZTolerance&gt;0.001&lt;/ZTolerance&gt;&lt;MTolerance&gt;0.001&lt;/MTolerance&gt;&lt;HighPrecision&gt;true&lt;/HighPrecision&gt;&lt;WKID&gt;26917&lt;/WKID&gt;&lt;/ProjectedCoordinateSystem&gt;</peXml></coordRef><lineage><Process ToolSource="C:\Program Files (x86)\ArcGIS\Desktop10.0\ArcToolbox\Toolboxes\Data Management Tools.tbx\CalculateField" Date="20120112" Time="122448">CalculateField subwayStations OPENED 25/02/1966 VB #</Process><Process ToolSource="C:\Program Files (x86)\ArcGIS\Desktop10.0\ArcToolbox\Toolboxes\Data Management Tools.tbx\CalculateField" Date="20120112" Time="122502">CalculateField subwayStations OPENED 166/02/25 VB #</Process><Process ToolSource="C:\Program Files (x86)\ArcGIS\Desktop10.0\ArcToolbox\Toolboxes\Data Management Tools.tbx\CalculateField" Date="20120112" Time="122513">CalculateField subwayStations OPENED 1966/02/25 VB #</Process><Process ToolSource="C:\Program Files (x86)\ArcGIS\Desktop10.0\ArcToolbox\Toolboxes\Data Management Tools.tbx\CalculateField" Date="20120112" Time="122616">CalculateField subwayStations Opened 1966 VB #</Process><Process ToolSource="C:\Program Files (x86)\ArcGIS\Desktop10.0\ArcToolbox\Toolboxes\Data Management Tools.tbx\CalculateField" Date="20120112" Time="122741">CalculateField subwayStations Opened 1954 VB #</Process><Process ToolSource="C:\Program Files (x86)\ArcGIS\Desktop10.0\ArcToolbox\Toolboxes\Data Management Tools.tbx\CalculateField" Date="20120112" Time="122851">CalculateField subwayStations Opened 1963 VB #</Process><Process ToolSource="C:\Program Files (x86)\ArcGIS\Desktop10.0\ArcToolbox\Toolboxes\Data Management Tools.tbx\CalculateField" Date="20120112" Time="123140">CalculateField subwayStations Opened 1978 VB #</Process><Process ToolSource="C:\Program Files (x86)\ArcGIS\Desktop10.0\ArcToolbox\Toolboxes\Data Management Tools.tbx\CalculateField" Date="20120112" Time="123321">CalculateField subwayStations Opened 1968 VB #</Process><Process ToolSource="C:\Program Files (x86)\ArcGIS\Desktop10.0\ArcToolbox\Toolboxes\Data Management Tools.tbx\CopyFeatures" Date="20120119" Time="220328">CopyFeatures "C:\Users\Kevin Farrugia\Documents\GIS\TTC Map\TTC.Routes.gdb\TTCSubway\subwayStations" "C:\Users\Kevin Farrugia\Documents\GIS\TTC Map\export\subwayStations.shp" # 0 0 0</Process></lineage></DataProperties><ArcGISFormat xmlns:esri="http://www.esri.com/metadata/">1.0</ArcGISFormat><ArcGISstyle>INSPIRE Metadata Directive</ArcGISstyle></Esri><idinfo><native Sync="TRUE"> Version 6.1 (Build 7000) ; ESRI ArcCatalog 9.2.0.1324</native><descript><langdata Sync="TRUE">en</langdata><abstract>The subway stops of all three Toronto Transit Commission (TTC) subway linesbased off of OpenStreetMap, Toronto Orthoimagery (2005), and local knowledge.</abstract><purpose>To show the stations of the TTC subway system.</purpose></descript><citation><citeinfo><origin>Kevin Farrugia</origin><pubdate>March 26, 2009</pubdate><title Sync="TRUE">TTC Subway Stations</title><ftname Sync="TRUE">subwayStations</ftname><geoform Sync="TRUE">vector digital data</geoform><onlink Sync="TRUE">\\KEVINFARRUGIA\Users\Kevin\TTC_Routes.gdb</onlink></citeinfo></citation><timeperd><current>ground condition</current><timeinfo><sngdate><caldate>REQUIRED: The year (and optionally month, or month and day) for which the data set corresponds to the ground.</caldate></sngdate></timeinfo></timeperd><status><progress>In work</progress><update>As needed</update></status><spdom><bounding><westbc Sync="TRUE">-79.551738</westbc><eastbc Sync="TRUE">-79.256760</eastbc><northbc Sync="TRUE">43.790325</northbc><southbc Sync="TRUE">43.636593</southbc></bounding><lboundng><leftbc Sync="TRUE">-562106.894900</leftbc><rightbc Sync="TRUE">-539681.308800</rightbc><bottombc Sync="TRUE">145918.253600</bottombc><topbc Sync="TRUE">161239.919000</topbc></lboundng></spdom><keywords><theme><themekt>REQUIRED: Reference to a formally registered thesaurus or a similar authoritative source of theme keywords.</themekt><themekey>Toronto</themekey><themekey>Transit</themekey><themekey>Comission</themekey><themekey>subway</themekey><themekey>transit</themekey><themekey>stations</themekey><themekey>Scarborough</themekey><themekey>York</themekey><themekey>Etobicoke</themekey><themekey>North York</themekey></theme><place><placekey>Toronto</placekey></place></keywords><accconst>Released under the Creative Commons Attribution-Share Alike 2.5 Canada License</accconst><useconst>Can be used and modified by persons or commercial entities, but they must share alike.  Please also tell me if you're using it for something so I can see it (for curiosity's sake!).</useconst><natvform Sync="TRUE">File Geodatabase Feature Class</natvform><ptcontac><cntinfo><cntemail>kevinfarrugia@gmail.com</cntemail><cntperp><cntper>Kevin Farrugia</cntper><cntorg>Kevin Farrugia</cntorg></cntperp><cntpos>Data Creator</cntpos></cntinfo></ptcontac></idinfo><dataIdInfo><envirDesc Sync="TRUE">Microsoft Windows Server 2008 R2 Version 6.1 (Build 7600) ; ESRI ArcGIS 10.0.0.2414</envirDesc><dataLang><languageCode Sync="TRUE" value="eng" country="CAN"/></dataLang><idCitation><resTitle Sync="FALSE">TTC Subway Stations</resTitle><presForm><PresFormCd value="005"/></presForm></idCitation><dataExt><geoEle><GeoBndBox esriExtentType="search"><westBL Sync="TRUE">-79.551885</westBL><eastBL Sync="TRUE">-79.254715</eastBL><northBL Sync="TRUE">43.790443</northBL><southBL Sync="TRUE">43.636535</southBL><exTypeCode Sync="TRUE">1</exTypeCode></GeoBndBox></geoEle></dataExt><geoBox esriExtentType="decdegrees"><westBL Sync="TRUE">-79.551738</westBL><eastBL Sync="TRUE">-79.25676</eastBL><northBL Sync="TRUE">43.790325</northBL><southBL Sync="TRUE">43.636593</southBL><exTypeCode Sync="TRUE">1</exTypeCode></geoBox><dataExt xmlns:esri="http://www.esri.com/metadata/"><geoEle><GeoBndBox esriExtentType="search"><westBL Sync="TRUE">-79.551738</westBL><eastBL Sync="TRUE">-79.25676</eastBL><northBL Sync="TRUE">43.790325</northBL><southBL Sync="TRUE">43.636593</southBL><exTypeCode Sync="TRUE">1</exTypeCode></GeoBndBox></geoEle></dataExt><idPurp>To show the stations of the TTC subway system.</idPurp><idAbs>&lt;DIV STYLE="text-align:Left;"&gt;&lt;DIV&gt;&lt;DIV&gt;&lt;P&gt;&lt;SPAN&gt;The subway stops of all three Toronto Transit Commission (TTC) subway lines&lt;/SPAN&gt;&lt;SPAN&gt;based off of OpenStreetMap, Toronto Orthoimagery (2005), and local knowledge.&lt;/SPAN&gt;&lt;/P&gt;&lt;/DIV&gt;&lt;/DIV&gt;&lt;/DIV&gt;</idAbs><idCredit>City of Toronto, OpenStreetMap</idCredit><searchKeys><keyword>Toronto
Transit
Comission
subway
transit
stations
Scarborough
York
Etobicoke
North York</keyword></searchKeys><descKeys><thesaName uuidref="723f6998-058e-11dc-8314-0800200c9a66"/><keyword Sync="TRUE">002</keyword></descKeys><otherKeys xmlns:esri="http://www.esri.com/metadata/"><thesaName uuidref="723f6998-058e-11dc-8314-0800200c9a66"/><keyword>002</keyword></otherKeys><spatRpType><SpatRepTypCd value="001"/></spatRpType><svCouplType><CouplTypCd value="001"/></svCouplType><tpCat><TopicCatCd value="015"/></tpCat><tpCat><TopicCatCd value="016"/></tpCat><tpCat><TopicCatCd value="017"/></tpCat><tpCat><TopicCatCd value="018"/></tpCat></dataIdInfo><metainfo><langmeta Sync="TRUE">en</langmeta><metstdn Sync="TRUE">FGDC Content Standards for Digital Geospatial Metadata</metstdn><metstdv Sync="TRUE">FGDC-STD-001-1998</metstdv><mettc Sync="TRUE">local time</mettc><metc><cntinfo><cntorgp><cntper>REQUIRED: The person responsible for the metadata information.</cntper><cntorg>REQUIRED: The organization responsible for the metadata information.</cntorg></cntorgp><cntaddr><addrtype>REQUIRED: The mailing and/or physical address for the organization or individual.</addrtype><city>REQUIRED: The city of the address.</city><state>REQUIRED: The state or province of the address.</state><postal>REQUIRED: The ZIP or other postal code of the address.</postal></cntaddr><cntvoice>REQUIRED: The telephone number by which individuals can speak to the organization or individual.</cntvoice></cntinfo></metc><metd Sync="TRUE">20090326</metd></metainfo><mdLang><languageCode Sync="TRUE" value="eng"/></mdLang><mdStanName Sync="TRUE">ISO 19115 Geographic Information - Metadata</mdStanName><mdStanVer Sync="TRUE">DIS_ESRI1.0</mdStanVer><mdChar><CharSetCd Sync="TRUE" value="004"/></mdChar><mdHrLv><ScopeCd Sync="TRUE" value="005"/></mdHrLv><mdHrLvName Sync="TRUE">dataset</mdHrLvName><distinfo><resdesc Sync="TRUE">Downloadable Data</resdesc></distinfo><distInfo><distributor><distorTran><onLineSrc><orDesc Sync="TRUE">002</orDesc><linkage Sync="TRUE">file://\\KEVINFARRUGIA\Users\Kevin\TTC_Routes.gdb</linkage><protocol Sync="TRUE">Local Area Network</protocol></onLineSrc></distorTran><distorFormat><formatName Sync="TRUE">File Geodatabase Feature Class</formatName></distorFormat></distributor><distFormat><formatName Sync="TRUE">Shapefile</formatName></distFormat><distTranOps><transSize Sync="TRUE">0.000</transSize></distTranOps></distInfo><spdoinfo><direct Sync="TRUE">Vector</direct><ptvctinf><esriterm Name="subwayStations"><efeatyp Sync="TRUE">Simple</efeatyp><efeageom Sync="TRUE">1</efeageom><esritopo Sync="TRUE">FALSE</esritopo><efeacnt Sync="TRUE">0</efeacnt><spindex Sync="TRUE">FALSE</spindex><linrefer Sync="TRUE">FALSE</linrefer></esriterm></ptvctinf></spdoinfo><spref><horizsys><cordsysn><geogcsn Sync="TRUE">GCS_Sphere_ARC_INFO</geogcsn><projcsn Sync="TRUE">The_World_From_Space</projcsn></cordsysn><planar><planci><plance Sync="TRUE">coordinate pair</plance><plandu Sync="TRUE">meters</plandu><coordrep><absres Sync="TRUE">0.000100</absres><ordres Sync="TRUE">0.000100</ordres></coordrep></planci></planar><geodetic><horizdn Sync="TRUE">D_Sphere_ARC_INFO</horizdn><ellips Sync="TRUE">Sphere_ARC_INFO</ellips><semiaxis Sync="TRUE">6370997.000000</semiaxis><denflat Sync="TRUE">infinity</denflat></geodetic></horizsys><vertdef><altsys><altenc Sync="TRUE">Explicit elevation coordinate included with horizontal coordinates</altenc><altres Sync="TRUE">0.000100</altres></altsys></vertdef></spref><refSysInfo><RefSystem><refSysID><identCode Sync="TRUE" code="26917">The_World_From_Space</identCode><idCodeSpace Sync="TRUE">EPSG</idCodeSpace><idVersion Sync="TRUE">7.4.1</idVersion></refSysID></RefSystem></refSysInfo><spatRepInfo><VectSpatRep><topLvl><TopoLevCd Sync="TRUE" value="001"/></topLvl><geometObjs Name="subwayStations"><geoObjTyp><GeoObjTypCd Sync="TRUE" value="004"/><geoObjCnt Sync="TRUE">0</geoObjCnt></geoObjTyp><geoObjCnt Sync="TRUE">65</geoObjCnt></geometObjs></VectSpatRep></spatRepInfo><eainfo><detailed Name="subwayStations"><enttyp><enttypl Sync="TRUE">subwayStations</enttypl><enttypt Sync="TRUE">Feature Class</enttypt><enttypc Sync="TRUE">0</enttypc></enttyp><attr><attrlabl Sync="TRUE">FID</attrlabl><attalias Sync="TRUE">FID</attalias><attrtype Sync="TRUE">OID</attrtype><attwidth Sync="TRUE">4</attwidth><atprecis Sync="TRUE">0</atprecis><attscale Sync="TRUE">0</attscale><attrdef Sync="TRUE">Internal feature number.</attrdef><attrdefs Sync="TRUE">ESRI</attrdefs><attrdomv><udom Sync="TRUE">Sequential unique whole numbers that are automatically generated.</udom></attrdomv></attr><attr><attrlabl Sync="TRUE">SHAPE</attrlabl><attalias Sync="TRUE">Shape</attalias><attrtype Sync="TRUE">Geometry</attrtype><attwidth Sync="TRUE">0</attwidth><atprecis Sync="TRUE">0</atprecis><attscale Sync="TRUE">0</attscale><attrdef Sync="TRUE">Feature geometry.</attrdef><attrdefs Sync="TRUE">ESRI</attrdefs><attrdomv><udom Sync="TRUE">Coordinates defining the features.</udom></attrdomv></attr><attr><attrlabl Sync="TRUE">STATION</attrlabl><attalias Sync="TRUE">STATION</attalias><attrtype Sync="TRUE">String</attrtype><attwidth Sync="TRUE">50</attwidth><atprecis Sync="TRUE">0</atprecis><attscale Sync="TRUE">0</attscale><attrdomv><edom editorFillOnly="True"/><rdom editorFillOnly="True"/><codesetd editorFillOnly="True"/></attrdomv></attr><attr><attrlabl Sync="TRUE">LINE</attrlabl><attalias Sync="TRUE">LINE</attalias><attrtype Sync="TRUE">String</attrtype><attwidth Sync="TRUE">50</attwidth><atprecis Sync="TRUE">0</atprecis><attscale Sync="TRUE">0</attscale><attrdomv><edom editorFillOnly="True"/><rdom editorFillOnly="True"/><codesetd editorFillOnly="True"/></attrdomv></attr><attr><attrlabl Sync="TRUE">PLATFORM_L</attrlabl><attalias Sync="TRUE">PLATFORM_L</attalias><attrtype Sync="TRUE">String</attrtype><attwidth Sync="TRUE">50</attwidth><atprecis Sync="TRUE">0</atprecis><attscale Sync="TRUE">0</attscale></attr><attr><attrlabl Sync="TRUE">AVG_PASSEN</attrlabl><attalias Sync="TRUE">AVG_PASSEN</attalias><attrtype Sync="TRUE">Integer</attrtype><attwidth Sync="TRUE">9</attwidth><atprecis Sync="TRUE">9</atprecis><attscale Sync="TRUE">0</attscale></attr><attr><attrlabl Sync="TRUE">OPENED</attrlabl><attalias Sync="TRUE">Opened</attalias><attrtype Sync="TRUE">SmallInteger</attrtype><attwidth Sync="TRUE">4</attwidth><atprecis Sync="TRUE">4</atprecis><attscale Sync="TRUE">0</attscale><attrdomv><edom editorFillOnly="True"/><rdom editorFillOnly="True"/><codesetd editorFillOnly="True"/></attrdomv></attr><attr><attrlabl Sync="TRUE">PLATFORM_1</attrlabl><attalias Sync="TRUE">PLATFORM_1</attalias><attrtype Sync="TRUE">String</attrtype><attwidth Sync="TRUE">50</attwidth><atprecis Sync="TRUE">0</atprecis><attscale Sync="TRUE">0</attscale></attr><attr><attrlabl Sync="TRUE">SUBWAY_TRA</attrlabl><attalias Sync="TRUE">SUBWAY_TRA</attalias><attrtype Sync="TRUE">String</attrtype><attwidth Sync="TRUE">50</attwidth><atprecis Sync="TRUE">0</atprecis><attscale Sync="TRUE">0</attscale></attr><attr><attrlabl Sync="TRUE">LINE2</attrlabl><attalias Sync="TRUE">LINE2</attalias><attrtype Sync="TRUE">String</attrtype><attwidth Sync="TRUE">50</attwidth><atprecis Sync="TRUE">0</atprecis><attscale Sync="TRUE">0</attscale><attrdomv><edom editorFillOnly="True"/><rdom editorFillOnly="True"/><codesetd editorFillOnly="True"/></attrdomv></attr><attr><attrlabl Sync="TRUE">ADDRESS</attrlabl><attalias Sync="TRUE">ADDRESS</attalias><attrtype Sync="TRUE">String</attrtype><attwidth Sync="TRUE">50</attwidth><atprecis Sync="TRUE">0</atprecis><attscale Sync="TRUE">0</attscale><attrdomv><edom editorFillOnly="True"/><rdom editorFillOnly="True"/><codesetd editorFillOnly="True"/></attrdomv></attr></detailed><overview><dsoverv>The subway stations of the Toronto Transit Commission's underground heavy rapid transit system (subway).  Includes the University-Spadina-Yonge, Bloor-Danforth, and Sheppard line stations.</dsoverv></overview></eainfo><mdDateSt Sync="TRUE">20120119</mdDateSt><mdConst><Consts><useLimit>Released under the Creative Commons Attribution 3.0 Unported License</useLimit></Consts></mdConst><dqInfo><dataLineage><dataSource editorFillOnly="True"/><prcStep editorFillOnly="True"/></dataLineage></dqInfo></metadata>
